Acute biphenotypic leukemia,,MeSH Headings:
Acute eosinophilic leukemia,,Neoplasms by Histologic Type [C04.557] 
Acute lymphoblastic leukemia (ALL),,Neoplasms by Site [C04.588]
Acute myeloid dendritic cell leukemia,,
Acute myeloid leukemia (AML),,
Adrenocortical Carcinoma,,
AIDS-related cancers,,
AIDS-related lymphoma,,
Anal cancer,,
Anaplastic large cell lymphoma,,
Angioimmunoblastic T-cell lymphoma,,
Appendix cancer,,
Astrocytoma,,
Atypical Teratoid/Rhabdoid Tumor,,
B-cell prolymphocytic leukemia,,
Basal-cell carcinoma,,
Bile Duct Cancer,,
Bladder cancer,,
Bone Cancer,,
Brain Tumors,,
Brainstem glioma,,
Breast cancer,,
Bronchial adenomas/carcinoids,,
Burkitt's lymphoma,,
"Carcinoid tumor, gastrointestinal",,
Carcinoma of Unknown Primary,,
Central Nervous System,,
Cerebellar astrocytoma,,
Cerebral astrocytoma,,
Cervical cancer,,
Cholangiocarcinoma,,
Chondrosarcoma,,
Chordoma,,
Chronic lymphocytic leukemia (CLL),,
Chronic myelogenous leukemia (CML),,
Chronic Myeloproliferative Neoplasms,,
Colon cancer,,
Colorectal Cancer,,
Craniopharyngioma,,
Cutaneous T-cell lymphoma,,
Desmoplastic small round cell tumor,,
Diffuse large B-cell lymphoma,,
Ductal Carcinoma In Situ (DCIS),,
Embryonal Tumors,,
Endometrial cancer,,
Ependymoma,,
Epithelioid hemangioendothelioma (EHE),,
Esophageal cancer,,
Esthesioneuroblastoma,,
Ewing's sarcoma,,
Extracranial Germ Cell Tumor,,
Extragonadal germ cell tumor,,
Extrahepatic bile duct cancer,,
Eye Cancer,,
Fallopian Tube Cancer,,
Follicular lymphoma,,
Gallbladder cancer,,
Gastric (stomach) cancer,,
Gastrointestinal carcinoid tumor,,
Gastrointestinal stromal tumor (GIST),,
Germ Cell Tumors,,
Gestational trophoblastic tumor,,
Glioma,,
Hairy cell leukemia,,
Head and neck cancer,,
Heart cancer,,
Hepatocellular cancer,,
Hepatosplenic T-cell lymphoma,,
Hodgkin's lymphoma,,
Hypopharyngeal cancer,,
Inflammatory Breast Cancer,,
Intraocular Melanoma,,
Intravascular large B-cell lymphoma,,
Invasive cribriform carcinoma,,
Invasive lobular carcinoma,,
Islet Cell Tumors,,
Kaposi sarcoma,,
Kidney (Renal Cell) Cancer,,
Langerhans Cell Histiocytosis,,
Large granular lymphocytic leukemia,,
Laryngeal cancer,,
Leukemia,,
Lip and Oral Cavity Cancer,,
Liposarcoma,,
Liver Cancer,,
Lung Cancer ,,
Lymphoma,,
Lymphomatoid granulomatosis,,
Lymphoplasmacytic lymphoma,,
Male breast cancer,,
Malignant fibrous histiocytoma of bone/osteosarcoma,,
Mantle cell lymphoma,,
Marginal zone B-cell lymphoma,,
Mast cell leukemia,,
Mediastinal large B cell lymphoma,,
Medullary carcinoma,,
Medulloblastoma,,
Melanoma,,
Merkel cell carcinoma,,
Mesothelioma,,
Midline Tract Carcinoma With NUT Gene Changes,,
Mouth Cancer ,,
Mucosa-associated lymphoid tissue lymphoma,,
Multiple endocrine neoplasia syndrome,,
Multiple myeloma/plasma cell neoplasm,,
Mycosis fungoides,,
Myelodysplastic syndromes,,
Nasal Cavity and Paranasal Sinus Cancer,,
Nasopharyngeal carcinoma,,
Neuroblastoma,,
Nodal marginal zone B cell lymphoma,,
Non-Hodgkin lymphoma,,
Non-small cell lung cancer,,
Oligodendroglioma,,
Oral cancer,,
Oropharyngeal cancer,,
Osteosarcoma,,
Ovarian cancer,,
Ovarian epithelial cancer (surface epithelial-stromal tumor),,
Ovarian germ cell tumor,,
Pancreatic Cancer,,
Pancreatic Neuroendocrine Tumors (Islet Cell Tumors),,
Papillomatosis,,
Paraganglioma,,
Parathyroid cancer,,
Penile cancer,,
Pharyngeal cancer,,
Pheochromocytoma,,
Phyllodes tumor,,
Pilocytic astrocytoma,,
Pineal astrocytoma,,
Pituitary adenoma,,
Pituitary Tumor,,
Plasma Cell Neoplasm/Multiple Myeloma,,
Plasmablastic lymphoma,,
Pleuropulmonary blastoma,,
Precursor B lymphoblastic leukemia,,
Primary Central Nervous System (CNS) Lymphoma,,
Primary cutaneous follicular lymphoma,,
Primary cutaneous immunocytoma,,
Primary effusion lymphoma,,
Primary Peritoneal Cancer,,
Primitive neuroectodermal tumor,,
Prostate cancer,,
Rectal cancer,,
Renal cell carcinoma,,
"Renal pelvis and ureter, transitional cell cancer",,
Retinoblastoma,,
Rhabdomyosarcoma,,
Salivary gland cancer,,
Sarcoma,,
SÃ©zary syndrome,,
Skin cancer,,
Small cell lung cancer,,
Small Intestine Cancer,,
Soft Tissue Sarcoma,,
Splenic marginal zone lymphoma,,
Squamous Cell Carcinoma of the Head and Neck,,
Squamous Cell Carcinoma of the Skin,,
Stomach (Gastric) Cancer,,
T-cell prolymphocytic leukemia,,
Testicular cancer,,
Throat Cancer,,
Thymoma and thymic carcinoma,,
Thyroid cancer,,
Tubular carcinoma,,
Urethral cancer,,
"Uterine Cancer, Endometrial",,
Uterine sarcoma,,
Uveal melanoma,,
Vaginal cancer,,
Vascular Tumors,,
Visual pathway and hypothalamic glioma,,
Vulvar cancer,,
Wilms tumor,,